cell_id,barcode
1,"2D+138,NONE,NONE,90D+217,90D+217,90D+217,90D+217,50D+323,50D+323,NONE"
10,"2D+138,NONE,NONE,90D+217,90D+217,90D+217,90D+217,NONE,12D+350,NONE"
2,"12D+136,NONE,27D+196,27D+196,1D+243&13D+248,27D+276,27D+276,NONE,10D+345,NONE"
3,"12D+136,NONE,27D+196,27D+196,2D+246,27D+276,27D+276,NONE,8D+350,NONE"
4,"20I+140+TACTGTTTTAGATACTGTTT,62D+159,62D+159,62D+159,NONE,48D+255,48D+255,NONE,NONE,NONE"
5,"20I+140+TACTGTTTTAGATACTGTTT,15D+160,NONE,144D+217,144D+217,144D+217,144D+217,144D+217,144D+217,NONE"
6,"20I+140+TACTGTTTTAGATACTGTTT,NONE,NONE,144D+217,144D+217,144D+217,144D+217,144D+217,144D+217,NONE"
7,"20I+140+TACTGTTTTAGATACTGTTT,7D+165,NONE,144D+217,144D+217,144D+217,144D+217,144D+217,144D+217,NONE"
8,"1D+140,2D+164,NONE,144D+217,144D+217,144D+217,144D+217,144D+217,144D+217,12D+377"
9,"29D+138,29D+138,NONE,NONE,4D+246,4D+277,4I+302+TAGT,27D+331,27D+331,NONE"